term	beta	se	stat	p	OR	conf.low	conf.high	model	cluster	mean_prop_ASD	mean_prop_Control	effect_prop_ASD_minus_Control	n_donors	n_ASD	n_Control	covariates	n_complete	fdr
dxASD	0.407236189197364	0.0247286253116381	16.4682097797691	6.20805039548559e-61	1.50265897556943	1.43156475970548	1.5772838647718	binomial_basic	0	0.369953576214004	0.325119902045371	0.0448336741686329	59	31	28	age+pmi+rin		1.17952957514226e-59
dxASD	0.407236189197364	0.227377483159751	1.79101370785799	0.0786011323481388	1.50265897556943	0.962305147187133	2.34643242162798	quasibinomial_basic	0	0.369953576214004	0.325119902045371	0.0448336741686329	59	31	28	age+pmi+rin		0.240487535302044
dxASD	0.342821698162768	0.0251103198563179	13.6526217158684	1.94744113014422e-42	1.40891752694572	1.34125463574573	1.47999383922441	binomial_adjusted	0	0.369953576214004	0.325119902045371	0.0448336741686329	59	31	28	age+pmi+rin	59	1.85006907363701e-41
dxASD	0.342821698162768	0.215238624184819	1.59275176312406	0.117053296577917	1.40891752694572	0.923997414744918	2.14832700401316	quasibinomial_adjusted	0	0.369953576214004	0.325119902045371	0.0448336741686329	59	31	28	age+pmi+rin	59	0.228624001570894
dxASD	-0.381744777716787	0.0269987527864337	-14.1393486112664	2.17286321475164e-45	0.682669263381365	0.647483263785383	0.719767365786507	binomial_basic	1	0.17173066545536	0.203901316587168	-0.0321706511318077	51	26	25	age+pmi+rin		2.06422005401406e-44
dxASD	-0.381744777716787	0.353817050839235	-1.0789326766794	0.285900326462251	0.682669263381365	0.341220563379828	1.36579495253599	quasibinomial_basic	1	0.17173066545536	0.203901316587168	-0.0321706511318077	51	26	25	age+pmi+rin		0.388007585913055
dxASD	-0.376171075998944	0.0271035800958731	-13.8790179994052	8.48991133750669e-44	0.68648488190912	0.650968455769413	0.723939061736518	binomial_adjusted	1	0.17173066545536	0.203901316587168	-0.0321706511318077	51	26	25	age+pmi+rin	51	1.61308315412627e-42
dxASD	-0.376171075998944	0.362964613255865	-1.03638498702288	0.305440171377534	0.68648488190912	0.337030543912913	1.3982753243028	quasibinomial_adjusted	1	0.17173066545536	0.203901316587168	-0.0321706511318077	51	26	25	age+pmi+rin	51	0.378279797135511
dxASD	0.355918068082141	0.0403276267021773	8.82566362535102	1.08812624653674e-18	1.42749058643098	1.31900269869087	1.54490159601004	binomial_basic	2	0.130971835279455	0.0829545006973854	0.04801733458207	54	29	25	age+pmi+rin		4.13487973683962e-18
dxASD	0.355918068082141	0.231622887856873	1.53662736604024	0.130447579682745	1.42749058643098	0.906591975136932	2.24768079823483	quasibinomial_basic	2	0.130971835279455	0.0829545006973854	0.04801733458207	54	29	25	age+pmi+rin		0.243555264950131
dxASD	0.355876678206691	0.0407552974677953	8.73203485971127	2.50131099643143e-18	1.42743150399612	1.3178429816338	1.54613313345916	binomial_adjusted	2	0.130971835279455	0.0829545006973854	0.04801733458207	54	29	25	age+pmi+rin	54	9.50498178643942e-18
dxASD	0.355876678206691	0.225105987106268	1.58092942254214	0.120328421879418	1.42743150399612	0.918208255247735	2.21906162023221	quasibinomial_adjusted	2	0.130971835279455	0.0829545006973854	0.04801733458207	54	29	25	age+pmi+rin	54	0.228624001570894
dxASD	-0.203792077990686	0.0413101048267331	-4.93322587404342	8.08825289670045e-07	0.815631941390108	0.752194847067653	0.884419065630695	binomial_basic	3	0.0996659047695417	0.0953608461708049	0.00430505859873678	52	27	25	age+pmi+rin		1.28064004197757e-06
dxASD	-0.203792077990686	0.286403985315181	-0.711554616694377	0.480047376823259	0.815631941390108	0.465266979260255	1.42983597261407	quasibinomial_basic	3	0.0996659047695417	0.0953608461708049	0.00430505859873678	52	27	25	age+pmi+rin		0.506716675535662
dxASD	-0.187729605936645	0.0414192297926262	-4.5324262878994	5.83100266231374e-06	0.828838790024288	0.764211040965593	0.898931974315529	binomial_adjusted	3	0.0996659047695417	0.0953608461708049	0.00430505859873678	52	27	25	age+pmi+rin	52	9.23242088199676e-06
dxASD	-0.187729605936645	0.292778388856707	-0.641200351807811	0.524507093772306	0.828838790024288	0.466930316292016	1.47125537982695	quasibinomial_adjusted	3	0.0996659047695417	0.0953608461708049	0.00430505859873678	52	27	25	age+pmi+rin	52	0.553646376759657
dxASD	-0.254009508907372	0.0478209490447732	-5.31167854217094	1.08620080544645e-07	0.77568442610005	0.706283496456561	0.851904839788607	binomial_basic	4	0.0491782049582245	0.0815576359414706	-0.0323794309832461	55	28	27	age+pmi+rin		2.06378153034826e-07
dxASD	-0.254009508907372	0.182026815149468	-1.39545104219286	0.168699445312483	0.77568442610005	0.542926098628576	1.10822878180661	quasibinomial_basic	4	0.0491782049582245	0.0815576359414706	-0.0323794309832461	55	28	27	age+pmi+rin		0.267107455078098
dxASD	-0.245284467613527	0.0479609208710186	-5.11425683992121	3.14978543776593e-07	0.782481915815714	0.712277374489688	0.859606061497176	binomial_adjusted	4	0.0491782049582245	0.0815576359414706	-0.0323794309832461	55	28	27	age+pmi+rin	55	5.44053848341387e-07
dxASD	-0.245284467613527	0.166366827857988	-1.47435922636514	0.146653838601468	0.782481915815714	0.564754898334533	1.08414809749193	quasibinomial_adjusted	4	0.0491782049582245	0.0815576359414706	-0.0323794309832461	55	28	27	age+pmi+rin	55	0.253311175766172
dxASD	0.461157502699543	0.0587567432229044	7.8485885602961	4.20745466722113e-15	1.58590861649901	1.41339453963368	1.77947916831323	binomial_basic	5	0.0278257252007803	0.0290762437003873	-0.001250518499607	51	27	24	age+pmi+rin		1.14202340967431e-14
dxASD	0.461157502699543	0.276110280782559	1.6701931611982	0.101257909600861	1.58590861649901	0.923099132611117	2.72463276264974	quasibinomial_basic	5	0.0278257252007803	0.0290762437003873	-0.001250518499607	51	27	24	age+pmi+rin		0.240487535302044
dxASD	0.242347084498401	0.0612295283162959	3.95800998574574	7.55767988843958e-05	1.27423638376905	1.13013512926883	1.43671169904373	binomial_adjusted	5	0.0278257252007803	0.0290762437003873	-0.001250518499607	51	27	24	age+pmi+rin	51	0.00010256851277168
dxASD	0.242347084498401	0.206497978119981	1.17360512051886	0.246594116566356	1.27423638376905	0.850110487529118	1.90996157033671	quasibinomial_adjusted	5	0.0278257252007803	0.0290762437003873	-0.001250518499607	51	27	24	age+pmi+rin	51	0.334663443911483
dxASD	-0.459245539095927	0.0634816722122796	-7.23430122571807	4.67932139764167e-13	0.631760104048913	0.557847519420031	0.715465813100399	binomial_basic	6	0.0305538086984461	0.0429504216310609	-0.0123966129326148	48	25	23	age+pmi+rin		9.87856739502131e-13
dxASD	-0.459245539095927	0.166676952356273	-2.75530319341505	0.00837424141341816	0.631760104048913	0.45569462960627	0.875851509184433	quasibinomial_basic	6	0.0305538086984461	0.0429504216310609	-0.0123966129326148	48	25	23	age+pmi+rin		0.0530368622849817
dxASD	-0.440874943058014	0.0636464664986598	-6.9269351043596	4.30055737267907e-12	0.643473172328632	0.568006726787492	0.728966232228416	binomial_adjusted	6	0.0305538086984461	0.0429504216310609	-0.0123966129326148	48	25	23	age+pmi+rin	48	1.02138237601128e-11
dxASD	-0.440874943058014	0.152255420431469	-2.89562724143837	0.00592565050879252	0.643473172328632	0.477450128664309	0.867227169181043	quasibinomial_adjusted	6	0.0305538086984461	0.0429504216310609	-0.0123966129326148	48	25	23	age+pmi+rin	48	0.0443414717472674
dxASD	1.08620457482101	0.0866849532620969	12.5304857872716	5.08502469675621e-36	2.96300683336613	2.50002833654345	3.51172399378194	binomial_basic	7	0.0513619850685294	0.0581398326197625	-0.00677784755123309	52	26	26	age+pmi+rin		3.22051564127893e-35
dxASD	1.08620457482101	0.726196185479459	1.49574535991794	0.141005679707971	2.96300683336613	0.713808936266143	12.299382998059	quasibinomial_basic	7	0.0513619850685294	0.0581398326197625	-0.00677784755123309	52	26	26	age+pmi+rin		0.243555264950131
dxASD	1.15344949371739	0.0873542540298909	13.204273867678	8.28952055761205e-40	3.16910588759328	2.6704183774713	3.76092083978565	binomial_adjusted	7	0.0513619850685294	0.0581398326197625	-0.00677784755123309	52	26	26	age+pmi+rin	52	5.25002968648763e-39
dxASD	1.15344949371739	0.685681493400468	1.68219429110905	0.0991645394675717	3.16910588759328	0.826557136575582	12.1506810386846	quasibinomial_adjusted	7	0.0513619850685294	0.0581398326197625	-0.00677784755123309	52	26	26	age+pmi+rin	52	0.228624001570894
dxASD	-0.218932522915273	0.0655668986813025	-3.33907089275987	0.000840591090862793	0.803375925790131	0.706491827627542	0.913546134435129	binomial_basic	8	0.0301663340479204	0.0296793754194818	0.000486958628438578	52	27	25	age+pmi+rin		0.000998201920399567
dxASD	-0.218932522915273	0.197351262695662	-1.10935455859176	0.272584517611649	0.803375925790131	0.545669936573238	1.18278987879063	quasibinomial_basic	8	0.0301663340479204	0.0296793754194818	0.000486958628438578	52	27	25	age+pmi+rin		0.388007585913055
dxASD	-0.22207392573367	0.0658357895826232	-3.37314896869231	0.000743137352548023	0.800856158267196	0.703904860483194	0.911160900060025	binomial_adjusted	8	0.0301663340479204	0.0296793754194818	0.000486958628438578	52	27	25	age+pmi+rin	52	0.000882475606150778
dxASD	-0.22207392573367	0.168972792094898	-1.31425848493377	0.195137377200406	0.800856158267196	0.575071672434973	1.11528808838522	quasibinomial_adjusted	8	0.0301663340479204	0.0296793754194818	0.000486958628438578	52	27	25	age+pmi+rin	52	0.285200782062131
dxASD	-0.310016447650912	0.065606810927743	-4.72536987039887	2.29696888247849e-06	0.733434892843998	0.644934964779479	0.834079048923978	binomial_basic	9	0.0321161981478398	0.0354698707407451	-0.00335367259290523	47	23	24	age+pmi+rin		3.35710836669933e-06
dxASD	-0.310016447650912	0.306113650952185	-1.01274950230605	0.31659445577566	0.733434892843998	0.402524544637386	1.33638246215688	quasibinomial_basic	9	0.0321161981478398	0.0354698707407451	-0.00335367259290523	47	23	24	age+pmi+rin		0.401019643982502
dxASD	-0.359348967347287	0.0670843777837501	-5.35667139234215	8.47690877418191e-08	0.698130684025212	0.612115463874531	0.79623286902847	binomial_adjusted	9	0.0321161981478398	0.0354698707407451	-0.00335367259290523	47	23	24	age+pmi+rin	47	1.78956963010507e-07
dxASD	-0.359348967347287	0.257172255043069	-1.39730845882697	0.169659352005667	0.698130684025212	0.421722996348824	1.15570281013173	quasibinomial_adjusted	9	0.0321161981478398	0.0354698707407451	-0.00335367259290523	47	23	24	age+pmi+rin	47	0.268627307342306
dxASD	-0.619107505386806	0.0745760808435408	-8.30169001084519	1.02640730650893e-16	0.538424764420094	0.465205226317586	0.623168465314971	binomial_basic	10	0.0204797770278207	0.0311455747166063	-0.0106657976887856	52	28	24	age+pmi+rin		3.25028980394495e-16
dxASD	-0.619107505386806	0.143272458465093	-4.3211899343351	7.37254999549067e-05	0.538424764420094	0.406601566961963	0.712986005211224	quasibinomial_basic	10	0.0204797770278207	0.0311455747166063	-0.0106657976887856	52	28	24	age+pmi+rin		0.00140078449914323
dxASD	-0.62972248980078	0.0750490569423492	-8.39081149659905	4.82797921501767e-17	0.532739621173551	0.45986668744334	0.617160389559869	binomial_adjusted	10	0.0204797770278207	0.0311455747166063	-0.0106657976887856	52	28	24	age+pmi+rin	52	1.52886008475559e-16
dxASD	-0.62972248980078	0.149192295715749	-4.22087807402983	0.000110377371869087	0.532739621173551	0.397667365029072	0.713690709689968	quasibinomial_adjusted	10	0.0204797770278207	0.0311455747166063	-0.0106657976887856	52	28	24	age+pmi+rin	52	0.00209717006551265
dxASD	1.14908928152147	0.121838683622321	9.43123519853063	4.0528773302213e-21	3.15531799436612	2.48503181335537	4.00640007587174	binomial_basic	11	0.0177870595624088	0.00962019846618363	0.00816686109622515	36	19	17	age+pmi+rin		1.92511673185512e-20
dxASD	1.14908928152147	0.668124065281036	1.71987410906704	0.0945472745479281	3.15531799436612	0.851774135539919	11.6885817849585	quasibinomial_basic	11	0.0177870595624088	0.00962019846618363	0.00816686109622515	36	19	17	age+pmi+rin		0.240487535302044
dxASD	1.13006292981812	0.122774869468409	9.20435048891577	3.43743753703106e-20	3.09585131535502	2.43372787233795	3.93811299764517	binomial_adjusted	11	0.0177870595624088	0.00962019846618363	0.00816686109622515	36	19	17	age+pmi+rin	36	1.63278283008976e-19
dxASD	1.13006292981812	0.699328750659148	1.61592516931842	0.116243605046911	3.09585131535502	0.786139185474272	12.1916011106904	quasibinomial_adjusted	11	0.0177870595624088	0.00962019846618363	0.00816686109622515	36	19	17	age+pmi+rin	36	0.228624001570894
dxASD	-0.678713381196727	0.0883721659005042	-7.68017140103675	1.58875872401533e-14	0.50726923481775	0.426593876876325	0.603201523839937	binomial_basic	12	0.0134550890088753	0.023289553584814	-0.00983446457593867	46	25	21	age+pmi+rin		3.77330196953641e-14
dxASD	-0.678713381196727	0.296763700220728	-2.28704986725773	0.0270594226249237	0.50726923481775	0.283549027678305	0.907504704563915	quasibinomial_basic	12	0.0134550890088753	0.023289553584814	-0.00983446457593867	46	25	21	age+pmi+rin		0.125662214900614
dxASD	-0.728913201424115	0.0898786421196596	-8.10997122601918	5.06317502707637e-16	0.482433012796326	0.404511408074117	0.575364766456959	binomial_adjusted	12	0.0134550890088753	0.023289553584814	-0.00983446457593867	46	25	21	age+pmi+rin	46	1.37429036449216e-15
dxASD	-0.728913201424115	0.283212731155534	-2.57373034909158	0.0137735071137298	0.482433012796326	0.276924560545346	0.84045131777912	quasibinomial_adjusted	12	0.0134550890088753	0.023289553584814	-0.00983446457593867	46	25	21	age+pmi+rin	46	0.0565412532291807
dxASD	-0.459256284711676	0.0911619517610756	-5.03780662699424	4.7089681906439e-07	0.631753315434063	0.528383089447138	0.75534637563729	binomial_basic	13	0.0163059955230131	0.0195689297363732	-0.00326293421336014	46	22	24	age+pmi+rin		8.13367232929402e-07
dxASD	-0.459256284711676	0.208709561490833	-2.20045637311086	0.0330690039212143	0.631753315434063	0.419653031235049	0.951052945780787	quasibinomial_basic	13	0.0163059955230131	0.0195689297363732	-0.00326293421336014	46	22	24	age+pmi+rin		0.125662214900614
dxASD	-0.479519858628752	0.0917337422179917	-5.22730074054151	1.72002604748709e-07	0.619080566649647	0.517203950755083	0.741024401386944	binomial_adjusted	13	0.0163059955230131	0.0195689297363732	-0.00326293421336014	46	22	24	age+pmi+rin	46	3.26804949022547e-07
dxASD	-0.479519858628752	0.188603038792706	-2.54248214502946	0.0148792771655739	0.619080566649647	0.42776477967972	0.895961440047044	quasibinomial_adjusted	13	0.0163059955230131	0.0195689297363732	-0.00326293421336014	46	22	24	age+pmi+rin	46	0.0565412532291807
dxASD	-0.260869469981474	0.0965649491876879	-2.7014923341847	0.00690290716075902	0.770381470960129	0.637540948934729	0.930901162961145	binomial_basic	14	0.0165761072155675	0.0175204228220944	-0.000944315606526903	48	24	24	age+pmi+rin		0.0077150138855542
dxASD	-0.260869469981474	0.285398501499554	-0.914053397655564	0.365455222868445	0.770381470960129	0.440321325698348	1.34785116268766	quasibinomial_basic	14	0.0165761072155675	0.0175204228220944	-0.000944315606526903	48	24	24	age+pmi+rin		0.416180826106787
dxASD	-0.237522972674502	0.0967985423278224	-2.45378666829606	0.0141360816052837	0.788578775009474	0.652301685899612	0.953326501889717	binomial_adjusted	14	0.0165761072155675	0.0175204228220944	-0.000944315606526903	48	24	24	age+pmi+rin	48	0.0157991500294347
dxASD	-0.237522972674502	0.292633602866347	-0.811673609414518	0.421449458331589	0.788578775009474	0.444375730611798	1.39939344468542	quasibinomial_adjusted	14	0.0165761072155675	0.0175204228220944	-0.000944315606526903	48	24	24	age+pmi+rin	48	0.47103174754707
dxASD	-0.343253716474341	0.102625413202528	-3.34472433058019	0.000823643910527949	0.709458187493615	0.580190067608457	0.867527639479344	binomial_basic	15	0.0139945389731786	0.0145704723946862	-0.000575933421507639	46	23	23	age+pmi+rin		0.000998201920399567
dxASD	-0.343253716474341	0.214429536669283	-1.60077628206484	0.1165829275493	0.709458187493615	0.466015861283756	1.08007250743607	quasibinomial_basic	15	0.0139945389731786	0.0145704723946862	-0.000575933421507639	46	23	23	age+pmi+rin		0.243555264950131
dxASD	-0.366767549001597	0.103469907665538	-3.54467842174132	0.000393092355312291	0.692970708056989	0.565769477095072	0.848770429770482	binomial_adjusted	15	0.0139945389731786	0.0145704723946862	-0.000575933421507639	46	23	23	age+pmi+rin	46	0.000497916983395569
dxASD	-0.366767549001597	0.179458904931481	-2.04374115144429	0.0474395185633721	0.692970708056989	0.487479518545264	0.98508426294102	quasibinomial_adjusted	15	0.0139945389731786	0.0145704723946862	-0.000575933421507639	46	23	23	age+pmi+rin	46	0.150225142117345
dxASD	-0.199742711456459	0.122701596143129	-1.62787378269687	0.103551651556485	0.818941430222239	0.643883261741515	1.04159419258779	binomial_basic	16	0.00951343537846741	0.011221690056263	-0.0017082546777956	44	21	23	age+pmi+rin		0.109304521087401
dxASD	-0.199742711456459	0.221524488388533	-0.901673277340468	0.372372318095546	0.818941430222239	0.530502446793718	1.26420730043349	quasibinomial_basic	16	0.00951343537846741	0.011221690056263	-0.0017082546777956	44	21	23	age+pmi+rin		0.416180826106787
dxASD	-0.203281063894808	0.123280044687169	-1.64893729890061	0.0991604807937958	0.816048847322538	0.640881983907107	1.03909259105178	binomial_adjusted	16	0.00951343537846741	0.011221690056263	-0.0017082546777956	44	21	23	age+pmi+rin	44	0.104669396393451
dxASD	-0.203281063894808	0.201197030380455	-1.0103581723369	0.318551408114115	0.816048847322538	0.550115378623648	1.21053827450265	quasibinomial_adjusted	16	0.00951343537846741	0.011221690056263	-0.0017082546777956	44	21	23	age+pmi+rin	44	0.378279797135511
dxASD	-0.549002829170503	0.134744932732741	-4.07438571556096	4.61359621772498e-05	0.577525414841775	0.443479856645694	0.752087382978103	binomial_basic	17	0.00593927353624098	0.00945976086362234	-0.00352048732738136	41	22	19	age+pmi+rin		6.26130915262676e-05
dxASD	-0.549002829170503	0.186730182037575	-2.94008618842362	0.00549183626751195	0.577525414841775	0.40051903481941	0.832758435410074	quasibinomial_basic	17	0.00593927353624098	0.00945976086362234	-0.00352048732738136	41	22	19	age+pmi+rin		0.0521724445413636
dxASD	-0.553837556259867	0.136434833175711	-4.05935598240219	4.92082465469418e-05	0.574739975918058	0.439881533976467	0.750943184480125	binomial_adjusted	17	0.00593927353624098	0.00945976086362234	-0.00352048732738136	41	22	19	age+pmi+rin	41	7.19197449532226e-05
dxASD	-0.553837556259867	0.193623668446895	-2.86038148487909	0.00700128501272643	0.574739975918058	0.393238120343888	0.840015305813737	quasibinomial_adjusted	17	0.00593927353624098	0.00945976086362234	-0.00352048732738136	41	22	19	age+pmi+rin	41	0.0443414717472674
dxASD	-0.00622797995829218	0.155943558372525	-0.039937398013033	0.968143035572323	0.993791373709959	0.732071308070572	1.34907799769298	binomial_basic	18	0.0069965156480735	0.0129711846197658	-0.00597466897169229	42	20	22	age+pmi+rin		0.968143035572323
dxASD	-0.00622797995829218	0.258626172167652	-0.0240810120108607	0.980907723463948	0.993791373709959	0.598615806934069	1.64984165640167	quasibinomial_basic	18	0.0069965156480735	0.0129711846197658	-0.00597466897169229	42	20	22	age+pmi+rin		0.980907723463948
dxASD	-0.0256854481361902	0.157838772042956	-0.162732184264585	0.87072930537152	0.974641616733973	0.715302719953032	1.32800596806368	binomial_adjusted	18	0.0069965156480735	0.0129711846197658	-0.00597466897169229	42	20	22	age+pmi+rin	42	0.87072930537152
dxASD	-0.0256854481361902	0.274003264595719	-0.0937413945563312	0.925820381031147	0.974641616733973	0.569650737750896	1.66755911669724	quasibinomial_adjusted	18	0.0069965156480735	0.0129711846197658	-0.00597466897169229	42	20	22	age+pmi+rin	42	0.925820381031147
